{"cameraMode":{"drawMode":0,"name":"Shaded","section":"Shading Mode"},"sceneLighting":true,"audioPlay":false,"sceneViewState":{"showFog":true,"showMaterialUpdate":false,"showSkybox":true,"showFlares":true,"showImageEffects":true,"showParticleSystems":true},"in2DMode":false,"pivot":{"x":-4.613950729370117,"y":0.8154854774475098,"z":-3.372249126434326},"rotation":{"x":0.11811310052871704,"y":-0.30628618597984316,"z":0.03833032771945,"w":0.9438055753707886},"size":7.110254764556885,"orthographic":true}